LCSC Part,Mfr. Part #,Mfr. #,Customer#,Quantity,Target Price($),Target Lead Time,Unit Price($),Ext Price($),Estimated lead time (business days),Date Code / Lot No.,Pricing Valid,Remarks,Status
C17585235,NHD-0416BZ-FL-GBW,Newhaven Display(Newhaven Display International),AEM-150DC8:NHD0416BZFLGBW,5,-,,-,-,,,,,Inquiring
C96256,QMB-09B-03,Huaneng,AEM-150DC8:QMB09B03,5,-,,-,-,,,,,Inquiring
C2907166,FRC0603J472 TS,FOJAN,SMARKKicadLib:R0603,200,-,,-,-,,,,,Inquiring
C85840,BLM21PG221SN1D,muRata,AEM-150DC8:R0805,20,-,,-,-,,,,,Inquiring
C5188473,MX128L-5.08-02P-GN01-Cu-Y-A,MAX,AEM-150DC8:TerminalBlock_2P_P5.08mm,5,-,,-,-,,,,,Inquiring
C280414,RT1J101M1010,ROQANG,Capacitor_SMD:C_Elec_10x10.2,5,-,,-,-,,,,,Inquiring
C12074,HR911105A,HANRUN(Zhongshan HanRun Elec),Connector_RJ:RJ45_Hanrun_HR911105A_Horizontal,5,-,,-,-,,,,,Inquiring
C42400252,HYCW498-USBC16-735B,HOAUC,Connector_USB:USB_C_Receptacle_G-Switch_GT-USB-7010ASV,10,-,,-,-,,,,,Inquiring
C9006,X322525MOB4SI,YXC Crystal Oscillators,Crystal:Crystal_SMD_3225-4Pin_3.2x2.5mm,5,-,,-,-,,,,,Inquiring
C908776,SMAJ30A,GOODWORK,Diode_SMD:D_SMA,20,-,,-,-,,,,,Inquiring
C5182291,BZT52C10V,JUXING,Diode_SMD:D_SOD-123F,50,-,,-,-,,,,,Inquiring
C22372152,RO-0505S/EHP,YLPTEC,footprints:CONV_RO-0505S_H,5,-,,-,-,,,,,Inquiring
C2843868,XL-5050RGBC,XINGLIGHT,LED_SMD:LED_RGB_5050-6,10,-,,-,-,,,,,Inquiring
C575426,LTV-217-D-G,LITEON,,10,-,,-,-,,,,,Inquiring
C621425,LAN8742AI-CZ-TR,MICROCHIP,Package_DFN_QFN:VQFN-24-1EP_4x4mm_P0.5mm_EP2.5x2.5mm_ThermalVias,5,-,,-,-,,,,,Inquiring
C114599,LTV-847S,LITEON,Package_DIP:SMDIP-16_W9.53mm,10,-,,-,-,,,,,Inquiring
C28730,STM32F407VET6,ST,Package_QFP:LQFP-100_14x14mm_P0.5mm,5,-,,-,-,,,,,Inquiring
C179739,ISO1540DR,TI,Package_SO:SOIC-8_3.9x4.9mm_P1.27mm,5,-,,-,-,,,,,Inquiring
C44377,TPS54360DDAR,TI,Package_SO:TI_SO-PowerPAD-8_ThermalVias,5,-,,-,-,,,,,Inquiring
C37593,ADS1115IDGSR,TI,Package_SO:TSSOP-10_3x3mm_P0.5mm,10,-,,-,-,,,,,Inquiring
C2906980,FRC0603F1003TS,FOJAN,SMARKKicadLib:R0603,200,-,,-,-,,,,,Inquiring
C161788,ERJPB6B1002V,PANASONIC,SMARKKicadLib:R0805,40,-,,-,-,,,,,Inquiring
C6119795,CGA0402X5R475M250GT,HRE,SMARKKicadLib:C0402,10,-,,-,-,,,,,Inquiring
C36911361,CGA0402X7R104M500GT,HRE,SMARKKicadLib:C0402,200,-,,-,-,,,,,Inquiring
C6117724,AC0603CRNPO0BN6R8,YAGEO,SMARKKicadLib:C0603,50,-,,-,-,,,,,Inquiring
C45359931,CGA0603C0G120J500JT,HRE,SMARKKicadLib:C0603,100,-,,-,-,,,,,Inquiring
C20070307,CGA0603X5R105K100JT,HRE,SMARKKicadLib:C0603,20,-,,-,-,,,,,Inquiring
C6119867,CGA0603X7R104K500JT,HRE,SMARKKicadLib:C0603,300,-,,-,-,,,,,Inquiring
C92487,CL10A106MO8NQNC,Samsung Electro-Mechanics,SMARKKicadLib:C0603,20,-,,-,-,,,,,Inquiring
C36911366,CGA0805X7R104K250KT,HRE,SMARKKicadLib:C0805,50,-,,-,-,,,,,Inquiring
C2932476,CL21A106KBYQNNE,Samsung Electro-Mechanics,SMARKKicadLib:C0805,5,-,,-,-,,,,,Inquiring
C77075,GRM21BR61C106KE15L,muRata,SMARKKicadLib:C0805,20,-,,-,-,,,,,Inquiring
C5375827,TCC0805X7R472M500DT,CCTC,SMARKKicadLib:C0805,100,-,,-,-,,,,,Inquiring
C13832,CL31B105KCHNNNE,Samsung Electro-Mechanics,SMARKKicadLib:C1206,20,-,,-,-,,,,,Inquiring
C5449028,TCC1206X5R476K100HT,CCTC,SMARKKicadLib:C1206,15,-,,-,-,,,,,Inquiring
C872331,TC164-JR-0733RL,YAGEO,SMARKKicadLib:CAT16-1206_8L,50,-,,-,-,,,,,Inquiring
C601936,321006SG0ABK00A01,JILN,SMARKKicadLib:CONN_2X3-SHROUDED_HEADER,5,-,,-,-,,,,,Inquiring
C85098,B340A-13-F,DIODES,SMARKKicadLib:DO-214AC,10,-,,-,-,,,,,Inquiring
C2984997,SMAJ160A,GOODWORK,SMARKKicadLib:DO-214AC,40,-,,-,-,,,,,Inquiring
C42370520,SMAJ26A,TECH PUBLIC,SMARKKicadLib:DO-214AC,20,-,,-,-,,,,,Inquiring
C2988633,UMW SS54A,UMW,SMARKKicadLib:DO-214AC,20,-,,-,-,,,,,Inquiring
C478118,"PRTR5V0U2F,115",Nexperia,SMARKKicadLib:FNL6_SOT886_NEX,5,-,,-,-,,,,,Inquiring
C18222125,MNR8065T100MT,MetalLions,SMARKKicadLib:IND_SRN8040TA,5,-,,-,-,,,,,Inquiring
C42391660,HX-XH2.54-2PZZ,hanxia,SMARKKicadLib:JST_B2B-XH-A,5,-,,-,-,,,,,Inquiring
C965799,XL-1608SURC-06,XINGLIGHT,SMARKKicadLib:LED_0603_1608Metric,100,-,,-,-,,,,,Inquiring
C22371391,L-132XIT,Kingbright,SMARKKicadLib:LED_0805_2012Metric,5,-,,-,-,,,,,Inquiring
C123695,HP-20M3*20,HIWA,SMARKKicadLib:MountingHole_2.5mm,10,-,,-,-,,,,,Inquiring
C118956,3362P-1-103,BOCHEN,SMARKKicadLib:Pot_TRIM_3362P-1-103LF,5,-,,-,-,,,,,Inquiring
C2906994,FRC0603F1500TS,FOJAN,SMARKKicadLib:R0603,100,-,,-,-,,,,,Inquiring
C2974031,FRC0603F1913TS,FOJAN,SMARKKicadLib:R0603,100,-,,-,-,,,,,Inquiring
C2907089,FRC0603J101 TS,FOJAN,SMARKKicadLib:R0603,100,-,,-,-,,,,,Inquiring
C2907113,FRC0603J102 TS,FOJAN,SMARKKicadLib:R0603,100,-,,-,-,,,,,Inquiring
C2930027,FRC0603J103 TS,FOJAN,SMARKKicadLib:R0603,100,-,,-,-,,,,,Inquiring
C2907115,FRC0603J105 TS,FOJAN,SMARKKicadLib:R0603,100,-,,-,-,,,,,Inquiring
C2907096,FRC0603J121 TS,FOJAN,SMARKKicadLib:R0603,100,-,,-,-,,,,,Inquiring
C2907083,FRC0603J152 TS,FOJAN,SMARKKicadLib:R0603,100,-,,-,-,,,,,Inquiring
C2907129,FRC0603J220 TS,FOJAN,SMARKKicadLib:R0603,100,-,,-,-,,,,,Inquiring
C2907117,FRC0603J222 TS,FOJAN,SMARKKicadLib:R0603,100,-,,-,-,,,,,Inquiring
C2907162,FRC0603J302 TS,FOJAN,SMARKKicadLib:R0603,100,-,,-,-,,,,,Inquiring
C2907114,FRC0603J512 TS,FOJAN,SMARKKicadLib:R0603,100,-,,-,-,,,,,Inquiring
C4264406,ERJ-HP6F1001V,PANASONIC,SMARKKicadLib:R0805,40,-,,-,-,,,,,Inquiring
C2933288,FRC0805F1152TS,FOJAN,SMARKKicadLib:R0805,100,-,,-,-,,,,,Inquiring
C2933395,FRC0805F2872TS,FOJAN,SMARKKicadLib:R0805,100,-,,-,-,,,,,Inquiring
C2933477,FRC0805F6042TS,FOJAN,SMARKKicadLib:R0805,100,-,,-,-,,,,,Inquiring
C7467912,FRS0805J101 TS,FOJAN,SMARKKicadLib:R0805,100,-,,-,-,,,,,Inquiring
C7468138,FRP1206J510 TS,FOJAN,SMARKKicadLib:R1206,100,-,,-,-,,,,,Inquiring
C258943,M16000E134,ECEC(ZheJiang E ast Crystal Elec),SMARKKicadLib:SMD3225-4P,10,-,,-,-,,,,,Inquiring
C7528871,1N4007W,MSKSEMI,SMARKKicadLib:SOD-123F,100,-,,-,-,,,,,Inquiring
C49023416,DSS34,GOODWORK,SMARKKicadLib:SOD-123F,20,-,,-,-,,,,,Inquiring
C2857282,SMF24A,JSMSEMI,SMARKKicadLib:SOD-123F,50,-,,-,-,,,,,Inquiring
C37331473,SMF3.3A,GOODWORK,SMARKKicadLib:SOD-123F,20,-,,-,-,,,,,Inquiring
C2943834,SMF33A,GOODWORK,SMARKKicadLib:SOD-123F,20,-,,-,-,,,,,Inquiring
C917117,1N4148WS,JSMSEMI,SMARKKicadLib:SOD-323F,50,-,,-,-,,,,,Inquiring
C136161,LESD5Z3.3T1G,LRC,SMARKKicadLib:SOD-523,50,-,,-,-,,,,,Inquiring
C20627194,MCP6004T-I/SL(MS),MSKSEMI,SMARKKicadLib:SOIC-14,10,-,,-,-,,,,,Inquiring
C191014,THVD1500DR,TI,SMARKKicadLib:SOIC-8N_127P599X175,5,-,,-,-,,,,,Inquiring
C3024446,W25N512GVEIG,Winbond,SMARKKicadLib:SON127P800X600X80-9N-D,20,-,,-,-,,,,,Inquiring
C26537,NCP1117ST33T3G,onsemi,SMARKKicadLib:SOT-223-3_TabPin2,5,-,,-,-,,,,,Inquiring
C8664,"BC847C,215",Nexperia,SMARKKicadLib:SOT-23-3,50,-,,-,-,,,,,Inquiring
C3289984,BSS138BKT116,ROHM,SMARKKicadLib:SOT-23-3,30,-,,-,-,,,,,Inquiring
C182476,DMP4065S-7,DIODES,SMARKKicadLib:SOT-23-3,5,-,,-,-,,,,,Inquiring
C39832206,ES5N10S,ElecSuper,SMARKKicadLib:SOT-23-3,20,-,,-,-,,,,,Inquiring
C172881,SM712-02HTG,Littelfuse,SMARKKicadLib:SOT-23-3,5,-,,-,-,,,,,Inquiring
C83571,2N7002DW-7-F,DIODES,SMARKKicadLib:SOT-363,10,-,,-,-,,,,,Inquiring
C23380830,AP2112K-3.3TRG1,TECH PUBLIC,SMARKKicadLib:SOT-753,5,-,,-,-,,,,,Inquiring
C605329,CAT24C16TDI-GT3,onsemi,SMARKKicadLib:SOT-753,5,-,,-,-,,,,,Inquiring
C129023,DA-04RP,Korean Hroparts Elec,SMARKKicadLib:SW_DIP_x04,5,-,,-,-,,,,,Inquiring
C530668,KH-303015-AJ,kinghelm,SMARKKicadLib:SW4_CS1210F260_3.4mm,10,-,,-,-,,,,,Inquiring
C5290375,MX128-5.0-10P-GN01-Cu-Y-A,MAX,SMARKKicadLib:TerminalBlock_10P_P5mm,5,-,,-,-,,,,,Inquiring
C5290374,MX128-5.0-09P-GN01-Cu-Y-A,MAX,SMARKKicadLib:TerminalBlock_9P_P5mm,5,-,,-,-,,,,,Inquiring
C46061589,MC7805BDTRKG-GK,GOODWORK,SMARKKicadLib:TO-252-2,5,-,,-,-,,,,,Inquiring
C154895,ZXMP6A18KTC,DIODES,SMARKKicadLib:TO-252AA_MOSFET,5,-,,-,-,,,,,Inquiring
C141380,"PCA9557PW,118",NXP,SMARKKicadLib:TSSOP-16,5,-,,-,-,,,,,Inquiring
C19829653,74LVC1G14GW,TECH PUBLIC,SMARKKicadLib:TSSOP-5,40,-,,-,-,,,,,Inquiring
C891748,NX2012SA-32.768KHZ-STD-MUB-2,NDK,SMARKKicadLib:XTAL_NX2012SA-32.768K-STD-MUB-1,5,-,,-,-,,,,,Inquiring
