#,Qty,Value,Reference,Footprint,Description,LCSC_Part,MPN,Manufacturer,PartLink,MANF_NUMBER
90,1,LCD 16x4,DS1,AEM-150DC8:NHD0416BZFLGBW,LCD Character Display Modules & Accessories STN- GRAY Transfl 87.0 x 60.0,,CH1604C,,,
56,1,Buzzer,BZ1,AEM-150DC8:QMB09B03,BUZZER MAGNETIC 2V~5V 9mm TH,C96256,QMB-09B-03,Huaneng,,
18,4,4.7K,"R120,R121,R122,R123",AEM-150DC8:R0603,,,,PANASONIC,,
107,2,1K,"R136,R142",AEM-150DC8:R0603,,,,PANASONIC,,
26,13,10K,"R101,R125,R126,R127,R128,R139,R140,R141,R143,R144,R152,R153,R236",AEM-150DC8:R0603,10kΩ ±5% 100mW 0603 Thick Film Resistor,C2907166,FRC0603J472 TS,FOJAN,,
76,1,FerriteBead,FB1,AEM-150DC8:R0805,Ferrite bead,,,,,
77,1,Screw_Terminal_01x02,J8,AEM-150DC8:TerminalBlock_2P_P5.08mm,"Generic screw terminal, single row, 01x02",C5188473,MX128L-5.08-02P-GN01-Cu-Y-A,MAX,,
57,1,100uF/63V,C2,Capacitor_SMD:C_Elec_10x10.2,CAP ALUM 100uF ±20% 63V SMD,C280414,RT1J101M1010,ROQANG,,
62,1,RJ45_Hanrun_HR911105A_Horizontal,J4,Connector_RJ:RJ45_Hanrun_HR911105A_Horizontal,CONN MOD JACK RJ45 TH,C12074,HR911105A,,,
129,1,USB_C_Receptacle_USB2.0_16P,J7,Connector_USB:USB_C_Receptacle_G-Switch_GT-USB-7010ASV,USB 2.0-only 16P Type-C Receptacle connector,C42400252,HYCW498-USBC16-735B,HOAUC,,
65,1,25Mhz Crystal,Y3,Crystal:Crystal_SMD_3225-4Pin_3.2x2.5mm,CRYSTAL 25MHz 12pF SMD,C9006,X322525MOB4SI,,,
49,1,SMAJ30A,D4,Diode_SMD:D_SMA,48.4VC Clamp 8.3A Ipp TVS DIODE DO-214AC(SMA),C908776,SMAJ30A,GOODWORK,,
73,1,BZT52C10,D8,Diode_SMD:D_SOD-123F,DIODE ZENER 10V 500mW SOD-123,C5182291,BZT52C10V,JUXING,,
68,1,RO-0505S_EHP,PS1,footprints:CONV_RO-0505S_H,DC/DC Converters - Through Hole 1W 05VIN 05VOUT CONV DC/DC,  C22372152 ,RO-0505S/EHP,RECOM,,
79,1,Screw_Terminal_01x02,J10,FT1:CONN2_M22-2010_HRW,"Generic screw terminal, single row, 01x02, script generated (kicad-library-utils/schlib/autogen/connector/)",,,,,
17,1,XL-5050RGBC,D55,LED_SMD:LED_RGB_5050-6,5050 RGB SMD LED,C2843868,XL-5050RGBC,XINGLIGHT,,
98,2,LTV-217,"U18,U19",LTV-217:LTV-217,Optocoupler DC-IN 1-CH Transistor DC-OUT 4-Pin SMD T/R,,"LTV-217-C-G,LTV217",,,LTV-217-C-G
89,1,LAN8742A,U27,Package_DFN_QFN:VQFN-24-1EP_4x4mm_P0.5mm_EP2.5x2.5mm_ThermalVias,"LAN8720 Ethernet PHY with RMII interface, QFN-24",,LAN8742A,,,
67,2,LTV-847S,"U3,U4",Package_DIP:SMDIP-16_W9.53mm,"DC Optocoupler, Vce 35V, CTR 50%, SMDIP-16",C114599,LTV-847S,LITEON,,
113,1,STM32F407VETx,U23,Package_QFP:LQFP-100_14x14mm_P0.5mm,"STMicroelectronics Arm Cortex-M4 MCU, 512KB flash, 192KB RAM, 168 MHz, 1.8-3.6V, 82 GPIO, LQFP100",C28730,STM32F407VET6,,,
83,1,ISO1540DR,U26,Package_SO:SOIC-8_3.9x4.9mm_P1.27mm,"I2C Isolator, 2.5 kVrms, Bidirectional clock and data, SOIC-8",,ISO1540DR,,,
42,1,TPS54360DDAR,U5,Package_SO:TI_SO-PowerPAD-8_ThermalVias,"3.5A, Step Down DC-DC Converter with Eco-mode, 4.5-60V Input Voltage, PowerSO-8",C44377,TPS54360DDAR,TI,,
122,2,ADS1115IDGS,"U24,U25",Package_SO:TSSOP-10_3x3mm_P0.5mm,"Ultra-Small, Low-Power, I2C-Compatible, 860-SPS, 16-Bit ADCs With Internal Reference, Oscillator, and Programmable Comparator, VSSOP-10",,ADS1115IDGS,,,
100,1,100K,R2,Resistor_SMD:R_0603_1608Metric,RES 100kΩ ±1% 100mW 0603,C2906980,FRC0603F1003TS,FOJAN,https://www.digikey.in/en/products/detail/yageo/RC0603FR-07100KL/726889,
106,1,1K,R60,Resistor_SMD:R_0805_2012Metric,,,,PANASONIC,,
7,3,20.5K,"R57,R59,R61",Resistor_SMD:R_0805_2012Metric,,C161788,ERJPB6B1002V,PANASONIC,,
8,1,20.5K,R63,Resistor_SMD:R_0805_2012Metric_Pad1.20x1.40mm_HandSolder,,C161788,ERJPB6B1002V,PANASONIC,,
47,1,4.7uF/25V,C67,SMARKKicadLib:C0402,4.7uF ±20% 25V Ceramic Capacitor X5R 0402,C6119795,CGA0402X5R475M250GT,HRE,,
22,7,100nF,"C80,C115,C117,C119,C121,C122,C123",SMARKKicadLib:C0402,,C36911361,CGA0402X7R104M500GT,HRE,,
38,3,1uF,"C79,C81,C120",SMARKKicadLib:C0402,,C36911361,CGA0402X7R104M500GT,HRE,,
20,5,0.1uF,"C62,C65,C66,C69,C70",SMARKKicadLib:C0402,,,,HRE,https://www.digikey.in/en/products/detail/samsung-electro-mechanics/CL10B104MB8NNNC/3887599 ,
32,2,12pF,"C73,C74",SMARKKicadLib:C0402,,,,HRE,,
28,2,10uF,"C64,C116",SMARKKicadLib:C0402,,,,HRE,https://www.digikey.in/en/products/detail/samsung-electro-mechanics/CL10B104MB8NNNC/3887599 ,
50,1,6.8pF/100V,C17,SMARKKicadLib:C0603,6.8pF NP0 100V 0603 Ceramic Capacitors RoHS,C6117724,AC0603CRNPO0BN6R8,YAGEO,,
31,2,12pF,"C45,C46",SMARKKicadLib:C0603,12pF ±5% 50V Ceramic Capacitor C0G 0603,C45359931,CGA0603C0G120J500JT,HRE,,
37,4,1uF/10V,"C3,C56,C57,C58",SMARKKicadLib:C0603,1uF ±10% 10V Ceramic Capacitor X5R 0603,C20070307,CGA0603X5R105K100JT,HRE,,
27,1,10uF,C63,SMARKKicadLib:C0603,10uF ±10% 50V Ceramic Capacitor X7R 0603,C6119867,CGA0603X7R104K500JT,HRE,https://www.digikey.in/en/products/detail/samsung-electro-mechanics/CL10B104MB8NNNC/3887599 ,
59,1,10uF/16V,C72,SMARKKicadLib:C0603,CAP CER 10uF 16V X5R 0603,,,,,
19,34,0.1uF,"C4,C5,C6,C7,C9,C13,C14,C15,C16,C19,C20,C21,C22,C24,C27,C28,C29,C30,C31,C32,C33,C34,C37,C38,C39,C40,C42,C48,C54,C55,C59,C60,C61,C75",SMARKKicadLib:C0603,0.1uF ±10% 50V Ceramic Capacitor X7R 0603,C6119867,,HRE,https://www.digikey.in/en/products/detail/samsung-electro-mechanics/CL10B104MB8NNNC/3887599 ,
23,1,100nF/25V,C18,SMARKKicadLib:C0805,100nF ±10% 25V Ceramic Capacitor X7R 0805,C36911366,CGA0805X7R104K250KT,HRE,,
60,1,10uF/50V,C1,SMARKKicadLib:C0805,CAP CER 10uF 50V X5R 0805,C2932476,CL21A106KBYQNNE,Samsung Electro-Mechanics,,
58,3,10uF/16V,"C25,C36,C77",SMARKKicadLib:C0805,CAP CER 10uF 16V X5R 0805,C77075,GRM21BR61C106KE15L,FOJAN,,
46,1,4.7nF/50V,C12,SMARKKicadLib:C0805,4.7nF ±20% 50V Ceramic Capacitor X7R 0805,C5375827,TCC0805X7R472M500DT,CCTC,,
36,3,1uF/100V,"C8,C10,C11",SMARKKicadLib:C1206,1uF ±10% 100V Ceramic Capacitor X7R 1206,C13832,CL31B105KCHNNNE,Samsung Electro-Mechanics,,
61,3,47uF/10V,"C23,C26,C35",SMARKKicadLib:C1206,CAP CER 47uF 10V X5R 1206,C5449028,TCC1206X5R476K100HT,CCTC,,
16,1,33R,RN1,SMARKKicadLib:CAT16-1206_8L,"4 resistor network, parallel topology, split",,CAT16-1206_8L,,,
55,1,CONN_03X2SHROUD,J5,SMARKKicadLib:CONN_2X3-SHROUDED_HEADER,"Box Header, Vertical, 6 Pos",C601936,321006SG0ABK00A01,JILN,https://www.digikey.in/en/products/detail/adam-tech/BHR-06-VUA/10414837?s=N4IgTCBcDaIEIAkBKBaADANhQNQKoEEQBdAXyA,
52,1,B340A-13-F,D6,SMARKKicadLib:DO-214AC,80A 1 Independent 40V 500mV@3A 3A SMA(DO-214AC) Single Diodes RoHS,C85098,B340A-13-F,DIODES,https://www.digikey.in/en/products/detail/diodes-incorporated/B340A-13-F/725015,
117,8,SMAJ160A,"D11,D12,D13,D14,D37,D38,D39,D40",SMARKKicadLib:DO-214AC,TVS DIODE 160VWM 259VC DO-214AC(SMA),C2984997,SMAJ160A,GOODWORK,,
48,1,SMAJ26A,D49,SMARKKicadLib:DO-214AC,42.1VC Clamp 9.5A@10/1000us Ipp DO-214AC(SMA),C42370520,SMAJ26A,TECH PUBLIC,,
72,1,SS54,D41,SMARKKicadLib:DO-214AC,Diode Independent 40V 5A Surface Mount SMA(DO-214AC),C2988633,UMW SS54A,UMW,,
121,1,PRTR5V0U2F,D50,SMARKKicadLib:FNL6_SOT886_NEX,TVS DIODE 5.5VWM 6XSON,C478118,"PRTR5V0U2F,115",Nexperia USA Inc.,https://www.digikey.in/en/products/detail/nexperia-usa-inc/PRTR5V0U2F-115/1992982?s=N4IgTCBcDaIAoCUAqCCsA1ADAVTAMRAF0BfIA,
1,1,MNR8065T100MT,L1,SMARKKicadLib:IND_SRN8040TA,,,MNR8065T100MT,MetalLions,,
63,1,Conn_01x02,J1,SMARKKicadLib:JST_B2B-XH-A,Connector Header 2 position 2.54mm Pitch 3A Through Hole -25℃~+85℃,C42391660,HX-XH2.54-2PZZ,hanxia,,
78,1,Screw_Terminal_01x02,J9,SMARKKicadLib:JST_B2B-XH-A,"Generic screw terminal, single row, 01x02, script generated (kicad-library-utils/schlib/autogen/connector/)",,,,,
91,8,LED,"D1,D2,D5,D7,D9,D10,D15,D16",SMARKKicadLib:LED_0603_1608Metric,LED RED CLEAR CHIP SMD 0603,C965799,XL-1608SURC-06,XINGLIGHT,https://www.digikey.in/en/products/detail/liteon/LTST-C190KRKT/386817,
92,1,LED,D46,SMARKKicadLib:LED_0805_2012Metric,LED RED WATER CLEAR 0805 SMD,C22371391,XL-2012SURC,XINGLIGHT,,
54,2,MountingHole,"H2,H3",SMARKKicadLib:MountingHole_2.5mm,"Board Spacers, Standoffs RoHS",C123695,HP-20M3*20,HIWA,,
99,1,10K,RV1,SMARKKicadLib:Pot_TRIM_3362P-1-103LF,POT 10kΩ Through Hole,C118956,3362P-1-103LF,BOCHEN,,
101,2,100K,"R89,R103",SMARKKicadLib:R0603,RES 100kΩ ±1% 100mW 0603,C2906980,FRC0603F1003TS,FOJAN,https://www.digikey.in/en/products/detail/yageo/RC0603FR-07100KL/726889,
103,1,150R,R108,SMARKKicadLib:R0603,RES 150Ω ±1% 100mW 0603,C2906994,FRC0603F1500TS,FOJAN,,
33,1,191K,R44,SMARKKicadLib:R0603,191kΩ ±1% 100mW 0603 Thick Film Resistor,C2974031,FRC0603F1913TS,FOJAN,,
24,12,100R,"R40,R41,R42,R43,R67,R68,R69,R70,R88,R107,R109,R112",SMARKKicadLib:R0603,100Ω ±5% 100mW 0603 Thick Film Resistor,C2907089,FRC0603J101 TS,FOJAN,,
34,11,1K,"R31,R32,R33,R34,R35,R36,R37,R38,R104,R105,R106",SMARKKicadLib:R0603,1kΩ ±5% 100mW 0603 Thick Film Resistor,C2907113,FRC0603J102 TS,FOJAN,,
25,19,10K,"R1,R45,R46,R47,R48,R49,R50,R51,R52,R71,R84,R85,R87,R90,R94,R97,R99,R102,R110",SMARKKicadLib:R0603,10kΩ ±5% 100mW 0603 Thick Film Resistor,C2930027,FRC0603J103 TS,FOJAN,https://www.digikey.in/en/products/detail/yageo/RC0603JR-070RL/726675,
35,8,1M,"R23,R24,R25,R26,R27,R28,R29,R30",SMARKKicadLib:R0603,1MΩ ±5% 100mW 0603 Thick Film Resistor,C2907115,FRC0603J105 TS,FOJAN,,
30,1,120R,R76,SMARKKicadLib:R0603,120Ω ±5% 100mW 0603 Thick Film Resistor,C2907096,FRC0603J121 TS,FOJAN,,
21,2,1.5K,"R93,R129",SMARKKicadLib:R0603,1.5kΩ ±5% 100mW 0603 Thick Film Resistor,C2907083,FRC0603J152 TS,FOJAN,,
40,1,22R,R92,SMARKKicadLib:R0603,22Ω ±5% 100mW 0603 Thick Film Resistor,C2907129,FRC0603J220 TS,FOJAN,,
39,8,2.2K,"R72,R74,R77,R82,R91,R130,R132,R133",SMARKKicadLib:R0603,2.2kΩ ±5% 100mW 0603 Thick Film Resistor,C2907117,FRC0603J222 TS,FOJAN,,
108,8,3K,"R15,R16,R17,R18,R19,R20,R21,R22",SMARKKicadLib:R0603,RES 3kΩ ±5% 100mW 0603,C2907162,FRC0603J302 TS,FOJAN,,
45,4,4.7K,"R75,R78,R79,R95",SMARKKicadLib:R0603,4.7kΩ ±5% 100mW 0603 Thick Film Resistor,C2907166,FRC0603J472 TS,FOJAN,,
109,2,5.1K,"R96,R98",SMARKKicadLib:R0603,RES 5.1kΩ ±5% 100mW 0603,C2907114,FRC0603J512 TS,FOJAN,,
104,6,1K,"R3,R5,R9,R58,R62,R64",SMARKKicadLib:R0805,RES 1kΩ ±1% 500mW 400V 0805,C4264406,ERJ-HP6F1001V,PANASONIC,,
105,1,1K/1%,R6,SMARKKicadLib:R0805,RES 1kΩ ±1% 500mW 400V 0805,C4264406,ERJ-HP6F1001V,PANASONIC,,
3,3,20.5K,"R8,R10,R12",SMARKKicadLib:R0805,,C161788,ERJPB6B1002V,PANASONIC,,
5,1,20.5K/0.1%,R14,SMARKKicadLib:R0805,,C161788,ERJPB6B1002V,PANASONIC,,
29,1,11.5K,R66,SMARKKicadLib:R0805,11.5kΩ ±1% 125mW 0805 Thick Film Resistor,C2933288,FRC0805F1152TS,FOJAN,,
41,1,28.7K,R39,SMARKKicadLib:R0805,28.7kΩ ±1% 125mW 0805 Thick Film Resistor,C2933395,FRC0805F2872TS,FOJAN,,
51,1,60.4K,R65,SMARKKicadLib:R0805,60.4kΩ ±1% 125mW 0805 Thick Film Resistor,C2933477,FRC0805F6042TS,FOJAN,,
102,1,100R,R111,SMARKKicadLib:R0805,RES 100Ω ±5% 250mW 0805,C7467912,FRS0805J101 TS,FOJAN,,
110,2,51R/0.5W,"R80,R81",SMARKKicadLib:R1206,RES SMD 51 OHM 1% 1/2W 1206,C7468138,FRP1206J510 TS,FOJAN,https://www.digikey.in/products/en?keywords=RHM51.0AFCT-ND,
64,1,M16000E134,Y2,SMARKKicadLib:SMD3225-4P,CRYSTAL 16MHz 12pF SMD,C258943,M16000E134,ECEC(ZheJiang E ast Crystal Elec),,
71,8,1N4007W,"D29,D30,D31,D32,D33,D34,D35,D36",SMARKKicadLib:SOD-123F,Diode Independent 1kV 1A Surface Mount SOD-123FL,C7528871,1N4007W,MSKSEMI,,
69,1,DSS34,D52,SMARKKicadLib:SOD-123F,Diode 40V 3A Surface Mount SOD-123FL,C49023416,DSS34,GOODWORK,,
43,8,SMF24A,"D17,D18,D19,D20,D21,D22,D23,D24",SMARKKicadLib:SOD-123F,38.9VC Clamp 5.1A Ipp TVS DIODE SOD-123FL,C2857282,SMF24A,JSMSEMI,,
119,3,SMF3.3A,"D48,D51,D53",SMARKKicadLib:SOD-123F,TVS DIODE 3.3VWM 7.3VC SOD-123FL,C37331473,SMF3.3A,GOODWORK,,
120,1,SMF33A,D3,SMARKKicadLib:SOD-123F,TVS DIODE 33VWM 53.3VC SOD-123FL,C2943834,SMF33A,GOODWORK,,
70,1,1N4148WS,D54,SMARKKicadLib:SOD-323F,DIODE GP 75V 200mA SOD-323,C917117,1N4148WS,JSMSEMI,,
118,8,LESD5Z3.3T1G,"D25,D26,D27,D28,D42,D43,D44,D45",SMARKKicadLib:SOD-523,TVS DIODE 3.3VWM 14.1VC SOD-523,C136161,LESD5Z3.3T1G,LRC,,
86,2,MCP6004,"U2,U14",SMARKKicadLib:SOIC-14,IC OPAMP GP 4 CIRCUIT 14SOIC,C20627194,MCP6004T-I/SL,Microchip Technology,https://www.digikey.in/en/products/detail/microchip-technology/MCP6004T-I-SL/523092,
44,1,THVD1500DR,U17,SMARKKicadLib:SOIC-8N_127P599X175,"4.5V~5.5V Transceiver 300Kbps 256 Half-Duplex SOIC-8 Drivers, Receivers, Transceivers RoHS",C191014,THVD1500DR,TI,,
84,1,W25N512GVEIG,U20,SMARKKicadLib:SON127P800X600X80-9N-D,IC FLASH 1GBIT SPI/QUAD 8WSON,C3024446,W25N512GVEIG,Winbond,,
15,1,NCP1117ST33T3G,U15,SMARKKicadLib:SOT-223-3_TabPin2,1.0 A Low-Dropout Positive Fixed and Adjustable Voltage Regulators,C26537,NCP1117ST33T3G,onsemi,,
53,2,BC847,"Q6,Q10",SMARKKicadLib:SOT-23-3,Bipolar (BJT) Transistor NPN 45V 100mA 100MHz 250mW Surface Mount SOT-23,C8664,"BC847C,215",Nexperia,,
94,5,BSS138,"Q8,Q13,Q14,Q15,Q16",SMARKKicadLib:SOT-23-3,MOSFET N-CH 50V 220MA SOT23-3,C3289984,BSS138,ROHM,https://www.digikey.in/en/products/detail/on-semiconductor/BSS138/244294,
95,1,DMP4065S-7,Q9,SMARKKicadLib:SOT-23-3,MOSFET P-CH 40V 2.4A SOT23,C182476,DMP4065S-7,DIODES,,
93,1,ES5N10S‎,Q5,SMARKKicadLib:SOT-23-3,MOSFET N-CH 100V 2.6A SOT23-3L,C39832206,ES5N10S‎,ElecSuper,,
116,1,SM712,D47,SMARKKicadLib:SOT-23-3,TVS DIODE 12V 31V SOT23-3,C172881,SM712-02HTG,Littelfuse Inc.,https://www.digikey.in/en/products/detail/littelfuse-inc/SM712-02HTG/5019610,
97,2,2N7002DW-7-F,"Q11,Q12",SMARKKicadLib:SOT-363,N-Channel Array 60V 0.23A 0.4W Surface Mount SOT-363,C83571,2N7002DW-7-F,DIODES,,
87,1,AP2112K-3.3,U28,SMARKKicadLib:SOT-753,IC REG LINEAR 3.3V 600MA SOT25,C23380830,AP2112K-3.3TRG1,Diodes Incorporated,https://www.digikey.in/en/products/detail/diodes-incorporated/AP2112K-3-3TRG1/4505257,
75,1,CAT24C16TDI-GT3,U16,SMARKKicadLib:SOT-753,EEPROM Memory IC 16Kbit I2C 400 kHz 900 ns TSOT-23-5,C605329,CAT24C16TDI-GT3,onsemi,https://www.digikey.in/en/products/detail/onsemi/CAT24C16TDI-GT3/23329489?s=N4IgTCBcDaIMIEEAqYAscCMA2JARAkgLQDiSAzCALoC%2BQA,
74,1,SW_DIP_x04,SW2,SMARKKicadLib:SW_DIP_x04,"Dip Switch SPST 4 Position Through Hole Slide, Rocked 25mA 24V",C129023,DA-04RP,Korean Hroparts Elec,,
114,2,KH-303015-AJ,"SW1,SW3",SMARKKicadLib:SW4_CS1210F260_3.4mm,SWITCH TACTILE SPST-NO 0.05A 50V,C530668,KH-303015-AJ,kinghelm,https://www.digikey.in/en/products/detail/cit-relay-and-switch/CS1210F260/12503262,
82,1,Screw_Terminal_01x10,J2,SMARKKicadLib:TerminalBlock_10P_P5mm,"Generic screw terminal, single row, 01x10, script generated (kicad-library-utils/schlib/autogen/connector/)",C5290375,MX128-5.0-10P-GN01-Cu-Y-A,MAX,,
81,1,Screw_Terminal_01x09,J3,SMARKKicadLib:TerminalBlock_9P_P5mm,"Generic screw terminal, single row, 01x09, script generated (kicad-library-utils/schlib/autogen/connector/)",C5290374,MX128-5.0-09P-GN01-Cu-Y-A,MAX,,
115,1,MC7805BDTRKG-GK,U1,SMARKKicadLib:TO-252-2,Three-terminal positive +5V voltage regulator,C46061589,MC7805BDTRKG-GK,GOODWORK,,
96,1,ZXMP6A18KTC,Q1,SMARKKicadLib:TO-252AA_MOSFET,MOSFET P-CH 60V 10.4A TO-252(DPAK),C154895,ZXMP6A18KTC,DIODES,,
88,1,PCA9557PW,U22,SMARKKicadLib:TSSOP-16,IC XPND 400KHZ I2C SMBUS 16TSSOP,C141380,"PCA9557PW,118",NXP USA Inc.,https://www.digikey.in/en/products/detail/nxp-usa-inc/PCA9557PW-118/735675?s=N4IgTCBcDaIAoGECCBOArGg7HA6gGgEYCAOEAXQF8g,
85,8,74LVC1G14GW,"U6,U7,U8,U9,U10,U11,U12,U13",SMARKKicadLib:TSSOP-5,IC INVERT SCHMITT 1CH 1IN 5TSSOP,C19829653,"74LVC1G14GW,125",Nexperia USA Inc.,https://www.digikey.in/en/products/detail/nexperia-usa-inc/74LVC1G14GW-125/946657,
66,1,SMD_CRYSTAL32.768,Y4,SMARKKicadLib:XTAL_NX2012SA-32.768K-STD-MUB-1,Crystal 32.768kHz SMD2012-2P,C891748,NX2012SA-32.768KHZ-STD-MUB-2,NDK,,
80,1,Screw_Terminal_01x04,J6,"TerminalBlock_Phoenix:TerminalBlock_Phoenix_MKDS-1,5-4-5.08_1x04_P5.08mm_Horizontal","Generic screw terminal, single row, 01x04, script generated (kicad-library-utils/schlib/autogen/connector/)",,,,,
